conversation_id,questions_id,questions,answer,source
1,1,Google Cloud 的 N4A 虛擬機器有什麼特色？,"Google Cloud 的 N4A 系列虛擬機器具備以下特色：

1. **硬體與架構**  
   - 採用 Google 自研的 **Axion 處理器**，內建 **Arm Neoverse N3** 平台運算核心。  
   - 整合 Google 的 **動態資源管理**、**Titanium 網路與儲存卸載** 技術。

2. **高性價比與能源效率**  
   - 相較於傳統 x86 虛擬機，提供 **約兩倍的 price‑performance**。  
   - 每瓦效能領先 **最高可達 80 %**，能源使用效率顯著提升。  
   - 在不同工作負載的性價比提升幅度：  
     - 計算密集型工作負載 **+5 %** 效能。  
     - MySQL 資料庫每秒交易量 **+20 %**。  
     - Java 應用（SPECjbb2015）成本效益 **+85 %**。  
     - 網站伺服器（Nginx 反向代理）領先 **+90 %**。  
     - CPU 整數運算（SPECrate2017）性價比 **達 205 %**。

3. **多樣化工作負載支援**  
   - 微服務、容器化應用、開源資料庫、批次處理、資料分析、軟體開發環境、實驗測試、資料準備、網站服務等皆適用，亦可用於各種 AI 應用。

4. **地域與平台支援**  
   - 已在多個區域上線（美國、歐洲、亞洲等），並支援 GKE（Autopilot 與標準模式），使用 GKE 1.34.1‑gke.3403001 以上版本即可選擇 N4A。

綜合以上，N4A 以 Arm 架構提供更佳的效能、成本與能源表現，且適用範圍廣泛，是 Google Cloud 目前最具成本效益的 N 系列一般用途虛擬機器。","[{""source_file"": ""data_04.txt"", ""chunk_id"": 2}, {""source_file"": ""data_04.txt"", ""chunk_id"": 1}, {""source_file"": ""data_04.txt"", ""chunk_id"": 0}, {""source_file"": ""data_05.txt"", ""chunk_id"": 2}, {""source_file"": ""data_05.txt"", ""chunk_id"": 1}]"
1,2,它跟上一代的 C4A 有什麼不同？,"N4A 與前一代的 C4A 在定位與形態上有以下幾個主要差異：

| 項目 | C4A（第一代） | N4A（第二代） |
|------|----------------|----------------|
| **服務形態** | **裸機（C4A metal）**：提供單一使用者專屬的實體伺服器，沒有虛擬化層。 | **雲端虛擬機器（VM）**：一般用途的虛擬機，仍在 Google Cloud 上以虛擬化方式提供。 |
| **目標工作負載** | 針對需要實體硬體隔離或嚴格授權條件的特殊工作負載，如 Android 系統與應用開發、車載自動駕駛、複雜模擬、測試規模擴展等。 | 針對廣泛的通用工作負載，包括微服務、容器化應用、開源資料庫、批次處理、資料分析、軟體開發環境、實驗測試、網站服務等。 |
| **硬體基礎** | 同樣使用自行研發的 **Axion** Arm 處理器，但以裸機方式直接交付。 | 亦採用 **Axion** 處理器（內建 Arm Neoverse N3 核心），並加入 Google 的動態資源管理、Titanium 網路與儲存卸載技術。 |
| **效能與成本** | 主要強調提供實體硬體的專屬性與低延遲，未特別提及性價比指標。 | 宣稱相較於主流 x86 VM **提供兩倍的 price‑performance**，且每瓦效能領先約 **80 %**，在多項基準測試中顯著優於 x86。 |
| **推出時間與定位** | 2024 年首次推出，為 Google Cloud 首款 Arm 架構的裸機服務。 | 2024 年底正式上線（2025 年擴展區域），是 Google Cloud 第二批採用 Axion 處理器的 **一般用途 N 系列 VM**，定位為成本效益最高的 N 系列。 |

簡而言之，**C4A** 是針對需要實體硬體隔離的特殊應用提供的 **裸機服務**，而 **N4A** 則是以 **虛擬機器** 形式面向廣泛通用工作負載，強調更高的性價比與能源效率。兩者皆基於同一代 Axion 處理器，但服務形態與目標客群不同。","[{""source_file"": ""data_04.txt"", ""chunk_id"": 2}, {""source_file"": ""data_04.txt"", ""chunk_id"": 1}, {""source_file"": ""data_04.txt"", ""chunk_id"": 0}, {""source_file"": ""data_05.txt"", ""chunk_id"": 0}, {""source_file"": ""data_05.txt"", ""chunk_id"": 2}]"
1,3,那目前可以在哪些地區使用這個服務？,"目前 N4A 服務已在以下 Google Cloud 區域可供使用：

- **us‑central1**（美國·愛荷華州）  
- **us‑east4**（美國·北維吉尼亞州）  
- **us‑east1**（美國·南卡羅萊納州）  
- **us‑west1**（美國·奧勒岡州）  
- **asia‑southeast1**（新加坡）  
- **europe‑west3**（德國·法蘭克福）  
- **europe‑west4**（荷蘭）  
- **europe‑west1**（比利時）  
- **europe‑west2**（英國·倫敦）  

以上即為目前可使用 N4A 虛擬機器服務的所有區域。","[{""source_file"": ""data_04.txt"", ""chunk_id"": 2}, {""source_file"": ""data_04.txt"", ""chunk_id"": 1}, {""source_file"": ""data_04.txt"", ""chunk_id"": 0}, {""source_file"": ""data_05.txt"", ""chunk_id"": 2}, {""source_file"": ""data_05.txt"", ""chunk_id"": 0}]"
2,1,最近去日本旅遊天氣要注意什麼？,"根據目前的資訊，近期前往日本旅遊需要留意以下天氣與健康狀況：

1. **寒冷與強風**  
   - 2 月 7 日至 9 日預計有一波強勢冷空氣侵襲東亞，包括日本在內，可能出現**強風**。

2. **降雪與暴風雪**  
   - 同一波冷空氣可能帶來**大量降雪**，部分地區甚至有**暴風雪**的風險，天氣條件偏向惡劣。

3. **流感疫情**  
   - 日本正經歷**第二波流感**（A 型 H3N2 佔 74%，B 型佔 26%），病例持續上升，尤其在東京周邊及九州地區較為活躍。

**建議**  
- 攜帶保暖衣物與防風外套，做好防寒準備。  
- 若前往可能降雪或強風的地區，留意當地交通與道路資訊，避免在惡劣天氣下出行。  
- 注意個人衛生，盡量避免與流感患者密切接觸，必要時可考慮佩戴口罩或提前接種流感疫苗。","[{""source_file"": ""data_03.txt"", ""chunk_id"": 0}, {""source_file"": ""data_03.txt"", ""chunk_id"": 1}, {""source_file"": ""data_01.txt"", ""chunk_id"": 0}, {""source_file"": ""data_02.txt"", ""chunk_id"": 0}, {""source_file"": ""data_04.txt"", ""chunk_id"": 1}]"
2,2,那邊現在有流感疫情嗎？,根據提供的資料，日本目前正處於第二波流感流行。國立健康危機管理研究機構的報告顯示，截至1月25日的一週內，全日本 3000 多家醫療機構共通報 6 萬3 千多名流感患者，且病例數連續三週呈上升趨勢。全國 47 個都道府縣中有 38 個縣的確診人數超過 10 人，東京周邊也出現明顯增加。因此，日本目前確實有流感疫情。,"[{""source_file"": ""data_03.txt"", ""chunk_id"": 0}, {""source_file"": ""data_03.txt"", ""chunk_id"": 1}, {""source_file"": ""data_01.txt"", ""chunk_id"": 0}, {""source_file"": ""data_04.txt"", ""chunk_id"": 1}, {""source_file"": ""data_05.txt"", ""chunk_id"": 2}]"
2,3,東京的情況嚴重嗎？,根據林氏璧的報告，東京的流感情況正呈上升趨勢。全日本 47 個都道府縣中，東京所在的關東地區已重新出現在病例較多的榜單上，且 42 個縣（含東京）本週的患者數較前一週增加，只有 5 個縣減少。東京本身的流行區域包括八王子市、町田市、中野區、豐島區、北區、荒川區與江東區，顯示疫情在東京及其周邊已較為活躍。雖未提及具體病例數字，但從患者數持續上升與多個區域受波及來看，情況算是較為嚴重。,"[{""source_file"": ""data_03.txt"", ""chunk_id"": 0}, {""source_file"": ""data_03.txt"", ""chunk_id"": 1}, {""source_file"": ""data_01.txt"", ""chunk_id"": 0}, {""source_file"": ""data_02.txt"", ""chunk_id"": 0}, {""source_file"": ""data_04.txt"", ""chunk_id"": 1}]"
